{
  "type": "kendo-ui-mobile",
  "views": [
    {
      "type": "kendo-ui-mobile:view",
      "name": "home",
      "components": [],
      "title": "Home View",
      "addToNavigation": true,
      "icon": "home"
    },
    {
      "type": "kendo-ui-mobile:view",
      "name": "weighIn",
      "components": [
        {
          "type": "kendo-ui-mobile:form",
          "components": [
            {
              "type": "kendo-ui-mobile:field",
              "name": "weight",
              "title": "Weight",
              "inputType": "number",
              "titlePosition": "left"
            }
          ],
          "name": "weighInModel",
          "submitButton": "Confirm",
          "cancelButton": "Cancel"
        }
      ],
      "title": "Weigh-In",
      "addToNavigation": true,
      "icon": "info"
    },
    {
      "type": "kendo-ui-mobile:view",
      "name": "mealView",
      "components": [
        {
          "type": "kendo-ui-mobile:form",
          "components": [
            {
              "type": "kendo-ui-mobile:field",
              "name": "dropdownlist",
              "title": "Meal Item",
              "inputType": "dropdownlist",
              "titlePosition": "left"
            },
            {
              "type": "kendo-ui-mobile:field",
              "name": "search",
              "title": "Search",
              "inputType": "text",
              "titlePosition": "left",
              "inputTextType": "search",
              "placeholder": "Start Typing"
            },
            {
              "type": "kendo-ui-mobile:field",
              "name": "number",
              "title": "Number",
              "inputType": "number",
              "titlePosition": "left"
            }
          ],
          "name": "mealViewModel",
          "submitButton": "Confirm",
          "cancelButton": "Cancel"
        }
      ],
      "title": "Meals",
      "addToNavigation": true,
      "icon": "bookmarks"
    }
  ],
  "dataProviders": [
    {
      "type": "kendo-ui-mobile:dataProvider",
      "name": "activityFeed",
      "title": "ActivityFeed Data Service",
      "source": "json",
      "url": "http://api.cognitivegenerationenterprises.com/api/activity/getFeed/DocGreenRob"
    },
    {
      "type": "kendo-ui-mobile:dataProvider",
      "name": "meals",
      "title": "Meals  Data Service",
      "source": "json",
      "url": "http://api.cognitivegenerationenterprises.com/api/mealItem/DocGreenRob"
    },
    {
      "type": "kendo-ui-mobile:dataProvider",
      "name": "notepad",
      "title": "Notepad / Notepad",
      "source": "everlive",
      "everliveKey": "o16punbi9jy1dk7i",
      "offlineStorage": true
    }
  ],
  "name": "kendoUiMobileApp",
  "navigation": "drawer",
  "view": "home",
  "skin": "nova",
  "skinMainColor": "#32364c",
  "skinTextColor": "#ffffff",
  "skinAccentColor": "#ff4350"
}
